ลำดับ,โครงการ,หน่วยงานรับผิดชอบ,หน่วยงานที่เกี่ยวข้อง,ประเด็นการพัฒนา,แนวทางการพัฒนา,แผนงานหลัก,แผนงานย่อย,ผลผลิต (Output),ผลลัพธ์จากการดำเนินโครงการ (Outcome),ตัวชี้วัดของแผน,ระดับความสอดคล้องกับแผนปี 71–75,ความสอดคล้องกับแผนปี 71–75,งบประมาณรวม (บาท),งบประมาณปี 2571 (บาท),SDGs,คำอธิบาย SDGs,ข้อเสนอแนะ,จากการประเมิน,budget_total_num,budget_2571_num,sdg_list
1,พัฒนาและส่งเสริมท่องเที่ยวคุณภาพสูง โดยพัฒนาโครงสร้างพื้นฐานเพื่ออำนวยความสะดวกและรองรับนักท่องเที่ยว (ป้ายชี้ทาง ที่จอดรถ ระบบขนส่งมวลชน),แขวงทางหลวงน่านที่ 2,แขวงทางหลวงน่านที่ 2,ประเด็นการพัฒนาที่ 2 สุขเศรษฐกิจสร้างสรรค์และมูลค่าสูง (การท่องเที่ยว),พัฒนาโครงสร้างพื้นฐานเพื่ออำนวยความสะดวกและรองรับนักท่องเที่ยวที่เพิ่มขึ้น เช่น ป้ายชี้ทาง ที่จอดรถ ระบบขนส่งมวลชน,ยกระดับการผลิต อุตสาหกรรม การท่องเที่ยว และการบริการ ให้เป็นเมืองเป้าหมายการลงทุนการค้าชายแดนและการค้าผ่านแดน ด้วยเครือข่ายความร่วมมือทุกภาคส่วน และนวัตกรรมที่สอดคล้องกับบริบทการเปลี่ยนแปลง,พัฒนาเส้นทางท่องเที่ยว แหล่งท่องเที่ยว สินค้าและบริการ และผู้ประกอบการในอุตสาหกรรมด้านการท่องเที่ยว เพื่อรองรับเมืองสร้างสรรค์และเมืองมรดกโลก,"มีการติดตั้งป้ายแนะนำแหล่งท่องเที่ยวบนทางหลวงหมายเลข 101 ตอนควบคุม 0601, 0602 ตอน สี่แยกช้างเผือก – ปัว – ปางหก ระหว่าง กม.371+075 – กม.433+630 (เป็นช่วง ๆ) จำนวน 1 เส้นทาง",1. ผู้ใช้ทางและนักท่องเที่ยวสามารถเข้าถึงแหล่งท่องเที่ยวตามแนวทางหลวงหมายเลข 101 ได้สะดวกและรวดเร็วมากขึ้น โดยมีระดับความพึงพอใจต่อการใช้ป้ายแนะนำแหล่งท่องเที่ยวไม่น้อยกว่าร้อยละ 80 2. การติดตั้งป้ายแนะนำแหล่งท่องเที่ยวแล้วเสร็จและสามารถใช้งานได้จริง ร้อยละ 100 ของเป้าหมายโครงการ เชิงคุณภาพ 1. ผู้ใช้ทางและนักท่องเที่ยวได้รับความสะดวกและความปลอดภัยในการเดินทาง สามารถเข้าถึงแหล่งท่องเที่ยวได้อย่างถูกต้องและมีประสิทธิภาพ 2. ระบบป้ายแนะนำแหล่งท่องเที่ยวบนทางหลวงมีมาตรฐาน ช่วยส่งเสริมภาพลักษณ์การท่องเที่ยว และสนับสนุนการพัฒนาเศรษฐกิจและการท่องเที่ยวของพื้นที่อย่างยั่งยืน,-,สูงมาก,สอดคล้องกับแนวทางพัฒนาเส้นทางและโครงสร้างพื้นฐานด้านการท่องเที่ยว รองรับเมืองสร้างสรรค์และเมืองมรดกโลก,"10,000,000","10,000,000","SDG 8, 9, 11",SDG 8 การจ้างงานที่มีคุณค่าและการเติบโตทางเศรษฐกิจ (ส่งเสริมเศรษฐกิจและการจ้างงานจากการท่องเที่ยว )SDG 9 อุตสาหกรรม นวัตกรรม และโครงสร้างพื้นฐาน (พัฒนาโครงสร้างพื้นฐานด้านคมนาคมและสิ่งอำนวยความสะดวก) SDG 11 เมืองและชุมชนที่ยั่งยืน (พัฒนาเมืองและแหล่งท่องเที่ยวให้ปลอดภัยและยั่งยืน),เพิ่ม KPI เช่น จำนวนนักท่องเที่ยวที่เพิ่มขึ้น ระยะเวลาเดินทางลดลง ความพึงพอใจของนักท่องเที่ยว และการออกแบบ Universal Design,ผ่านได้สูง เนื่องจากสอดคล้องกับยุทธศาสตร์จังหวัดอย่างชัดเจน ควรเพิ่ม KPI ด้านผลลัพธ์และผลกระทบทางเศรษฐกิจ,10000000.0,10000000.0,"['8', '9', '11']"
2,พัฒนาศักยภาพแรงงาน ผู้ประกอบการด้านการท่องเที่ยวและบริการ,สำนักงานพัฒนาฝีมือแรงงานน่าน,หน่วยงานสังกัดกระทรวงแรงงาน,ประเด็นการพัฒนาที่ 2 สุขเศรษฐกิจสร้างสรรค์และมูลค่าสูง (การท่องเที่ยว),พัฒนาแรงงาน ผู้ประกอบการ เพื่อยกระดับมาตรฐานด้านการท่องเที่ยวตามหลักมาตรฐานสากล,ยกระดับการผลิต อุตสาหกรรม การท่องเที่ยว และการบริการ ให้เป็นเมืองเป้าหมายการลงทุนการค้าชายแดนและการค้าผ่านแดน ด้วยเครือข่ายความร่วมมือทุกภาคส่วน และนวัตกรรมที่สอดคล้องกับบริบทการเปลี่ยนแปลง,พัฒนาเส้นทางท่องเที่ยว แหล่งท่องเที่ยว สินค้าและบริการ และผู้ประกอบการในอุตสาหกรรมด้านการท่องเที่ยว เพื่อรองรับเมืองสร้างสรรค์และเมืองมรดกโลก,จำนวนผู้เข้ารับการฝึกอบรมได้ตามเป้าหมาย จำนวน 200 คน,ผู้ผ่านการฝึกอบรมสามารถนำความรู้ที่ได้รับไปสนับสนุนการประกอบธุรกิจ หรือใช้สร้างโอกาสในการประกอบอาชีพด้านการท่องเที่ยว สร้างรายได้ และยกระดับการท่องเที่ยวน่านรองรับเมืองสร้างสรรค์และการเป็นเมืองมรดกโลก,อัตราการขยายตัวของรายได้จากการท่องเที่ยว เพิ่มขึ้นไม่น้อยกว่าร้อยละ 6 (ปี 2568) ร้อยละ 7 (ปี 2569) และร้อยละ 8 (ปี 2570),สูงมาก,ตรงกับแผนด้านการพัฒนาผู้ประกอบการและบุคลากรท่องเที่ยว รองรับเมืองสร้างสรรค์และมรดกโลก,"6,300,000","1,260,000","SDG 4, 8",SDG 4 พัฒนาทักษะและการเรียนรู้ตลอดชีวิต SDG 8 การจ้างงานที่มีคุณค่าและการเติบโตทางเศรษฐกิจ (เพิ่มศักยภาพแรงงาน ผู้ประกอบการ และสร้างงานที่มีคุณค่า),เพิ่ม KPI ด้านการมีงานทำ รายได้หลังอบรม ผู้ผ่านมาตรฐานวิชาชีพ และจำนวนสถานประกอบการที่ได้รับประโยชน์,ผ่านได้สูง เนื่องจากตอบโจทย์การพัฒนากำลังคนของจังหวัด ควรเพิ่มตัวชี้วัดด้านการมีงานทำและรายได้หลังอบรม,6300000.0,1260000.0,"['4', '8']"
3,โครงการป้องกันตลิ่งพัง (ลำน้ำยาว) หมู่ 2,องค์การบริหารส่วนตำบลนาไร่หลวง,กรมโยธาธิการและผังเมือง กรมเจ้าท่า,ประเด็นการพัฒนาที่ 2 สุขเศรษฐกิจสร้างสรรค์และมูลค่าสูง (การท่องเที่ยว),ฟื้นฟูแหล่งท่องเที่ยวธรรมชาติ โดยการมีส่วนร่วมของทุกภาคส่วนในจังหวัดน่าน,ส่งเสริมการพัฒนาในทุกมิติเพื่อให้เกิดการเติบโตที่เป็นมิตรกับสิ่งแวดล้อม,ขยายผลการพัฒนาเมืองอัจฉริยะในท้องถิ่น เชื่อมโยงเครือข่ายเมืองอัจฉริยะในระดับประเทศ,เขื่อนป้องกันตลิ่งริมแม่น้ำ ป้องกันความเสียหายต่อบ้านเรือนราษฎรและทรัพย์สินของทางราชการ,แนวป้องกันตลิ่ง ใช้เป็นโครงสร้างป้องกันตลิ่งพังและเป็นสิ่งปลูกสร้างที่สามารถใช้ประโยชน์ในการป้องกันและอนุรักษ์ทรัพยากรธรรมชาติได้,รายได้จากสินค้าอัตลักษณ์น่าน เพิ่มขึ้นร้อยละ 4,ปานกลาง,แม้อยู่ในหมวดท่องเที่ยว แต่เนื้อหาเน้นป้องกันอุทกภัยและกัดเซาะ ยังไม่เชื่อมกับการท่องเที่ยวโดยตรง,"9,330,000",(เสนอปี 2574),"SDG 11, 13, 15",SDG 11 เมืองและชุมชนที่ยั่งยืนSDG 13 การรับมือการเปลี่ยนแปลงสภาพภูมิอากาศSDG 15 ระบบนิเวศบนบก (ฟื้นฟูระบบนิเวศ),เพิ่มผลลัพธ์ด้านการรักษาแหล่งท่องเที่ยว ความปลอดภัยนักท่องเที่ยว ความยาวตลิ่งที่ป้องกันได้ และผลต่อเศรษฐกิจท่องเที่ยว,"ควรปรับปรุงรายละเอียด Output, Outcome และ KPI รวมทั้งแสดงความเชื่อมโยงกับการพัฒนาการท่องเที่ยวให้ชัดเจนก่อนเสนอของบประมาณ",9330000.0,0,"['11', '13', '15']"
4,โครงการป้องกันตลิ่งพัง (ลำน้ำยาว) หมู่ 3,องค์การบริหารส่วนตำบลนาไร่หลวง,กรมโยธาธิการและผังเมือง กรมเจ้าท่า,ประเด็นการพัฒนาที่ 2 สุขเศรษฐกิจสร้างสรรค์และมูลค่าสูง (การท่องเที่ยว),ฟื้นฟูแหล่งท่องเที่ยวธรรมชาติ โดยการมีส่วนร่วมของทุกภาคส่วนในจังหวัดน่าน,ส่งเสริมการพัฒนาในทุกมิติเพื่อให้เกิดการเติบโตที่เป็นมิตรกับสิ่งแวดล้อม,ขยายผลการพัฒนาเมืองอัจฉริยะในท้องถิ่น เชื่อมโยงเครือข่ายเมืองอัจฉริยะในระดับประเทศ,เขื่อนป้องกันตลิ่งริมแม่น้ำ ป้องกันความเสียหายต่อบ้านเรือนราษฎรและทรัพย์สินของทางราชการ,แนวป้องกันตลิ่ง ใช้เป็นโครงสร้างป้องกันตลิ่งพังและเป็นสิ่งปลูกสร้างที่สามารถใช้ประโยชน์ในการป้องกันและอนุรักษ์ทรัพยากรธรรมชาติได้,รายได้จากสินค้าอัตลักษณ์น่าน เพิ่มขึ้นร้อยละ 4,ปานกลาง,โครงสร้างเหมือนหมู่อื่น ยังไม่สะท้อนผลต่อการท่องเที่ยวอย่างชัดเจน,"53,280,000",(เสนอปี 2573),"SDG 11, 13, 15",SDG 11 เมืองและชุมชนที่ยั่งยืนSDG 13 การรับมือการเปลี่ยนแปลงสภาพภูมิอากาศSDG 15 ระบบนิเวศบนบก (ฟื้นฟูระบบนิเวศ),เพิ่ม KPI ด้านพื้นที่ปลอดภัย เส้นทางท่องเที่ยวที่ได้รับการคุ้มครอง และผลกระทบต่อชุมชน,"ควรปรับปรุงรายละเอียด Output, Outcome และ KPI รวมทั้งแสดงความเชื่อมโยงกับการพัฒนาการท่องเที่ยวให้ชัดเจนก่อนเสนอของบประมาณ",53280000.0,0,"['11', '13', '15']"
5,โครงการป้องกันตลิ่งพัง (ลำน้ำยาว) หมู่ 4,องค์การบริหารส่วนตำบลนาไร่หลวง,กรมโยธาธิการและผังเมือง กรมเจ้าท่า,ประเด็นการพัฒนาที่ 2 สุขเศรษฐกิจสร้างสรรค์และมูลค่าสูง (การท่องเที่ยว),ฟื้นฟูแหล่งท่องเที่ยวธรรมชาติ โดยการมีส่วนร่วมของทุกภาคส่วนในจังหวัดน่าน,ส่งเสริมการพัฒนาในทุกมิติเพื่อให้เกิดการเติบโตที่เป็นมิตรกับสิ่งแวดล้อม,ขยายผลการพัฒนาเมืองอัจฉริยะในท้องถิ่น เชื่อมโยงเครือข่ายเมืองอัจฉริยะในระดับประเทศ,เขื่อนป้องกันตลิ่งริมแม่น้ำ ป้องกันความเสียหายต่อบ้านเรือนราษฎรและทรัพย์สินของทางราชการ,แนวป้องกันตลิ่ง ใช้เป็นโครงสร้างป้องกันตลิ่งพังและเป็นสิ่งปลูกสร้างที่สามารถใช้ประโยชน์ในการป้องกันและอนุรักษ์ทรัพยากรธรรมชาติได้,รายได้จากสินค้าอัตลักษณ์น่าน เพิ่มขึ้นร้อยละ 4,ปานกลาง,โครงสร้างเหมือนหมู่อื่น ยังไม่สะท้อนผลต่อการท่องเที่ยวอย่างชัดเจน,"34,370,000",(เสนอปี 2572),"SDG 11, 13, 15",SDG 11 เมืองและชุมชนที่ยั่งยืนSDG 13 การรับมือการเปลี่ยนแปลงสภาพภูมิอากาศSDG 15 ระบบนิเวศบนบก (ฟื้นฟูระบบนิเวศ),เพิ่มตัวชี้วัดเชิงปริมาณ และอธิบายความเชื่อมโยงกับแหล่งท่องเที่ยวริมลำน้ำ,"ควรปรับปรุงรายละเอียด Output, Outcome และ KPI รวมทั้งแสดงความเชื่อมโยงกับการพัฒนาการท่องเที่ยวให้ชัดเจนก่อนเสนอของบประมาณ",34370000.0,0,"['11', '13', '15']"
6,โครงการป้องกันตลิ่งพัง (ลำน้ำยาว) หมู่ 5,องค์การบริหารส่วนตำบลนาไร่หลวง,กรมโยธาธิการและผังเมือง กรมเจ้าท่า,ประเด็นการพัฒนาที่ 2 สุขเศรษฐกิจสร้างสรรค์และมูลค่าสูง (การท่องเที่ยว),ฟื้นฟูแหล่งท่องเที่ยวธรรมชาติ โดยการมีส่วนร่วมของทุกภาคส่วนในจังหวัดน่าน,ส่งเสริมการพัฒนาในทุกมิติเพื่อให้เกิดการเติบโตที่เป็นมิตรกับสิ่งแวดล้อม,ขยายผลการพัฒนาเมืองอัจฉริยะในท้องถิ่น เชื่อมโยงเครือข่ายเมืองอัจฉริยะในระดับประเทศ,เขื่อนป้องกันตลิ่งริมแม่น้ำ ป้องกันความเสียหายต่อบ้านเรือนราษฎรและทรัพย์สินของทางราชการ,แนวป้องกันตลิ่ง ใช้เป็นโครงสร้างป้องกันตลิ่งพังและเป็นสิ่งปลูกสร้างที่สามารถใช้ประโยชน์ในการป้องกันและอนุรักษ์ทรัพยากรธรรมชาติได้,รายได้จากสินค้าอัตลักษณ์น่าน เพิ่มขึ้นร้อยละ 4,ปานกลาง,โครงสร้างเหมือนหมู่อื่น ยังไม่สะท้อนผลต่อการท่องเที่ยวอย่างชัดเจน,"40,250,000","40,250,000","SDG 11, 13, 15",SDG 11 เมืองและชุมชนที่ยั่งยืนSDG 13 การรับมือการเปลี่ยนแปลงสภาพภูมิอากาศSDG 15 ระบบนิเวศบนบก (ฟื้นฟูระบบนิเวศ),เพิ่มผลประโยชน์ด้านการท่องเที่ยว การรักษาภูมิทัศน์ และความปลอดภัยของนักท่องเที่ยว,"ควรปรับปรุงรายละเอียด Output, Outcome และ KPI รวมทั้งแสดงความเชื่อมโยงกับการพัฒนาการท่องเที่ยวให้ชัดเจนก่อนเสนอของบประมาณ",40250000.0,40250000.0,"['11', '13', '15']"
7,โครงการก่อสร้างทางเดิน (Boardwalk) เส้นทางน้ำตกตาดหลวง และสะพานข้ามน้ำ,อุทยานแห่งชาติดอยภูคา,อุทยานแห่งชาติดอยภูคา สำนักบริหารพื้นที่อนุรักษ์ที่ 13 (แพร่),ประเด็นการพัฒนาที่ 2 สุขเศรษฐกิจสร้างสรรค์และมูลค่าสูง (การท่องเที่ยว),เพิ่มความหลากหลายให้กับการท่องเที่ยวในจังหวัดน่าน เช่น พัฒนาการท่องเที่ยวเชิงสุขภาพ การท่องเที่ยวแบบ Carbon Neutral,ส่งเสริมการพัฒนาในทุกมิติเพื่อให้เกิดการเติบโตที่เป็นมิตรกับสิ่งแวดล้อม,พัฒนาเส้นทางท่องเที่ยว แหล่งท่องเที่ยว สินค้าและบริการ และผู้ประกอบการในอุตสาหกรรมด้านการท่องเที่ยว เพื่อรองรับเมืองสร้างสรรค์และการเป็นเมืองมรดกโลก,สะพานและเส้นทางเดินน้ำตกตาดหลวง,1. มีสะพานและเส้นทางเดินชมน้ำตกตาดหลวง เพื่ออำนวยความสะดวก และความปลอดภัยให้กับนักท่องเที่ยว2. สามารถพัฒนาและส่งเสริมแหล่งท่องเที่ยวทางธรรมชาติ       แห่งใหม่ของอุทยานแห่งชาติดอยภูคา และจังหวัดน่าน3. สร้างรายได้ด้านการท่องเที่ยวให้กับประชาชนในจังหวัดน่าน,อัตราการขยายตัวของรายได้จากการท่องเที่ยว เพิ่มขึ้นไม่น้อยกว่าร้อยละ 6 (ปี 2568) ร้อยละ 7 (ปี 2569) และร้อยละ 8 (ปี 2570),สูง,สอดคล้องกับการยกระดับแหล่งท่องเที่ยวธรรมชาติและเพิ่มความปลอดภัย,"876,000","876,000","SDG 8, 11, 15",SDG 8 การจ้างงานที่มีคุณค่าและการเติบโตทางเศรษฐกิจ (ส่งเสริมรายได้จากการท่องเที่ยว) SDG 11 เมืองและชุมชนที่ยั่งยืน (พัฒนาแหล่งท่องเที่ยวอย่างยั่งยืน) SDG 15 ระบบนิเวศบนบก (ลดผลกระทบต่อทรัพยากรธรรมชาติ),เพิ่ม KPI เช่น Visitor Capacity จำนวนผู้ใช้เส้นทาง อุบัติเหตุลดลง และการออกแบบเป็น Eco/Universal Design,ผ่านได้สูง เนื่องจากสอดคล้องกับแผนจังหวัดอย่างชัดเจน ควรเพิ่ม KPI ด้านจำนวนผู้ใช้เส้นทาง ความพึงพอใจ และการอนุรักษ์สิ่งแวดล้อม,876000.0,876000.0,"['8', '11', '15']"
8,โครงการพัฒนาสิ่งอำนวยความสะดวกบริเวณแหล่งท่องเที่ยวน้ำตกตาดหลวง,อุทยานแห่งชาติดอยภูคา,อุทยานแห่งชาติดอยภูคา สำนักบริหารพื้นที่อนุรักษ์ที่ 13 (แพร่),ประเด็นการพัฒนาที่ 2 สุขเศรษฐกิจสร้างสรรค์และมูลค่าสูง (การท่องเที่ยว),เพิ่มความหลากหลายให้กับการท่องเที่ยวในจังหวัดน่าน เช่น พัฒนาการท่องเที่ยวเชิงสุขภาพ การท่องเที่ยวแบบ Carbon Neutral,ส่งเสริมการพัฒนาในทุกมิติเพื่อให้เกิดการเติบโตที่เป็นมิตรกับสิ่งแวดล้อม,พัฒนาเส้นทางท่องเที่ยว แหล่งท่องเที่ยว สินค้าและบริการ และผู้ประกอบการในอุตสาหกรรมด้านการท่องเที่ยว เพื่อรองรับเมืองสร้างสรรค์และการเป็นเมืองมรดกโลก,"สิ่งอำนวยความสะดวก 1. ห้องอาบน้ำ,ห้องสุขาชาย-หญิง จำนวน 1 หลัง    2. อาคารปฐมพยาบาล จำนวน 1 หลัง",1 นักท่องเที่ยวมีความพึงพอใจในการใช้บริการ เจ้าหน้าที่และนักท่องเที่ยว ได้รับสิ่งอำนวยความสะดวก และความปลอดภัยบริเวณแหล่งน้ำตกตาดหลวงอุทยานแห่งชาติดอยภูคา2 สามารถพัฒนาส่งเสริมแหล่งท่องเที่ยวทางธรรมชาติแห่งใหม่ของอุทยานแห่งชาติดอยภูคา และจังหวัดน่าน ให้นักท่องเที่ยวได้เกิดความประทับใจ,อัตราการขยายตัวของรายได้จากการท่องเที่ยว เพิ่มขึ้นไม่น้อยกว่าร้อยละ 6 (ปี 2568) ร้อยละ 7 (ปี 2569) และร้อยละ 8 (ปี 2570),สูง,สอดคล้องกับการพัฒนาแหล่งท่องเที่ยวและการบริการนักท่องเที่ยว,"5,811,000","5,811,000","SDG 3, 8, 11",SDG 3 การมีสุขภาพและความเป็นอยู่ที่ดี (ส่งเสริมสุขภาพและความปลอดภัยของนักท่องเที่ยว) SDG 8 การจ้างงานที่มีคุณค่าและการเติบโตทางเศรษฐกิจ (เพิ่มรายได้จากการท่องเที่ยว) SDG 11 เมืองและชุมชนที่ยั่งยืน (พัฒนาแหล่งท่องเที่ยวให้มีคุณภาพ),เพิ่มตัวชี้วัดด้านความพึงพอใจ การเข้าถึงสำหรับทุกคน (Universal Design) และการจัดการสิ่งแวดล้อม,ผ่านได้สูง สอดคล้องกับแผนจังหวัดอย่างชัดเจน ควรเพิ่มเติม KPI เชิงผลลัพธ์และผลกระทบทางเศรษฐกิจ ควรเพิ่มตัวชี้วัดด้าน Universal Design และการจัดการสิ่งแวดล้อม,5811000.0,5811000.0,"['3', '8', '11']"
9,กิจกรรมสืบสาน รักษา ศิลปวัฒนธรรมวิถีน่านและต่อยอดเพื่อสร้างมูลค่าเพิ่มในการท่องเที่ยวเชิงสร้างสรรค์,สำนักงานวัฒนธรรมจังหวัดน่าน,-,ประเด็นการพัฒนาที่ 2 สุขเศรษฐกิจสร้างสรรค์และมูลค่าสูง (การท่องเที่ยว),ต่อยอดและเพิ่มขีดความสามารถด้านการท่องเที่ยวเชิงสร้างสรรค์,ยกระดับการผลิต อุตสาหกรรม การท่องเที่ยว และการบริการ ให้เป็นเมืองเป้าหมายการลงทุนการค้าชายแดนและการค้าผ่านแดน ด้วยเครือข่ายความร่วมมือทุกภาคส่วน และนวัตกรรมที่สอดคล้องกับบริบทการเปลี่ยนแปลง,พัฒนาเส้นทางท่องเที่ยว แหล่งท่องเที่ยว สินค้าและบริการ และผู้ประกอบการในอุตสาหกรรมด้านการท่องเที่ยว เพื่อรองรับเมืองสร้างสรรค์และการเป็นเมืองมรดกโลก,1. จำนวนกิจกรรม ภูมิปัญญาท้องถิ่น ประเพณี วัฒนธรรมของจังหวัดน่านที่ได้รับการสืบสาน รักษาและต่อยอดการท่องเที่ยวเชิงสร้างสรรค์  2. สถิติความพึงพอใจเฉลี่ยของผู้เข้าร่วมกิจกรรมที่มีต่อการดำเนินงาน   มากกว่าร้อยละ 80,1. กิจกรรม ประเพณี วัฒนธรรมของจังหวัดน่านได้รับเผยแพร่ พัฒนา ส่งเสริม ให้เป็นที่รู้จักในวงกว้าง  2. สร้างความภาคภูมิใจในมรดกภูมิปัญญาทางวัฒนธรรมของท้องถิ่น เกิดการสืบสาน ต่อยอดองค์ความรู้ทางวัฒนธรรมให้คงอยู่สืบไป 3. ส่งเสริมและพัฒนาเศรษฐกิจและการท่องเที่ยวของจังหวัดน่านให้ดียิ่งขึ้น,อัตราการขยายตัวของรายได้จากการท่องเที่ยว เพิ่มขึ้นไม่น้อยกว่าร้อยละ 6 (ปี 2568) ร้อยละ 7 (ปี 2569) และร้อยละ 8 (ปี 2570),สูงมาก,เชื่อมโยงการท่องเที่ยวเชิงสร้างสรรค์ เมืองสร้างสรรค์ และการสร้างมูลค่าทางเศรษฐกิจจากทุนวัฒนธรรม,"2,500,000","2,500,000","SDG 8, 11, 12",SDG 8 การจ้างงานที่มีคุณค่าและการเติบโตทางเศรษฐกิจ (สร้างรายได้จากเศรษฐกิจสร้างสรรค์) SDG 11 เมืองและชุมชนที่ยั่งยืน (อนุรักษ์มรดกทางวัฒนธรรม) SDG 12 การผลิตและบริโภคอย่างยั่งยืน (ใช้ทุนวัฒนธรรมอย่างยั่งยืน),เพิ่ม KPI เช่น มูลค่าทางเศรษฐกิจจากกิจกรรม จำนวนผู้เข้าร่วม นักท่องเที่ยว และยอดจำหน่ายสินค้า/บริการ,ผ่านได้สูง ควรเพิ่ม KPI ด้านมูลค่าทางเศรษฐกิจ นักท่องเที่ยว และผู้ประกอบการที่ได้รับประโยชน์,2500000.0,2500000.0,"['8', '11', '12']"
10,โครงการพัฒนาและยกระดับการท่องเที่ยวเชิงสุขภาพด้วยภูมิปัญญาไทยและสมุนไพร (Nan Herbal City),สำนักงานสาธารณสุขจังหวัดน่าน,สำนักงานสาธารณสุขจังหวัดน่าน /สำนักงานการท่องเที่ยวและกีฬาจังหวัดน่าน สํานักงานพาณิชย์จังหวัดน่าน/ สำนักงานพัฒนาชุมชนจังหวัดน่าน /สำนักงานเกษตรและสหกรณ์จังหวัดน่าน /สำนักงานเกษตรจังหวัดน่าน /มหาวิทยาลัยเทคโนโลยีราชมงคลล้านนา น่าน/สำนักงานวัฒนธรรมจังหวัดน่าน/วิทยาลัยชุมชนน่าน,ประเด็นการพัฒนาที่ 2 สุขเศรษฐกิจสร้างสรรค์และมูลค่าสูง (การท่องเที่ยว),เพิ่มความหลากหลายให้กับการท่องเที่ยวในจังหวัดน่าน เช่น พัฒนาการท่องเที่ยวเชิงสุขภาพ การท่องเที่ยวแบบ Carbon Neutral,ยกระดับการผลิต อุตสาหกรรม การท่องเที่ยว และการบริการ ให้เป็นเมืองเป้าหมายการลงทุนการค้าชายแดนและการค้าผ่านแดน ด้วยเครือข่ายความร่วมมือทุกภาคส่วน และนวัตกรรมที่สอดคล้องกับบริบทการเปลี่ยนแปลง,พัฒนาเส้นทางท่องเที่ยว แหล่งท่องเที่ยว สินค้าและบริการ และผู้ประกอบการในอุตสาหกรรมด้านการท่องเที่ยว เพื่อรองรับเมืองสร้างสรรค์และการเป็นเมืองมรดกโลก,"1. พัฒนาเส้นทางท่องเที่ยวเชิงสุขภาพจังหวัดน่าน จำนวน 7 เส้นทาง  2. พัฒนาพื้นที่ต้นแบบด้านการท่องเที่ยวเชิงสุขภาพและเมืองสมุนไพร จำนวน 7 พื้นที่  3. พัฒนาผู้ประกอบการเวลเนส ไม่น้อยกว่า 30 ราย   4. พัฒนาพื้นที่ต้นแบบด้านการท่องเที่ยวเชิงสุขภาพและเมืองสมุนไพร จำนวน 7 พื้นที่  5. พัฒนาผู้ประกอบการด้านอาหารสมุนไพร ผลิตภัณฑ์สมุนไพร และบริการสุขภาพในพื้นที่ต้นแบบ ไม่น้อยกว่า 7 ราย 6. ผู้ประกอบการผ่านการรับรองมาตรฐาน เช่น Wellness, Thai Food Good Health, SAN และ SAN Plus (Clean Food Good Taste สู่ SAN)  เครื่องหมาย Q และมาตรฐานที่เกี่ยวข้อง","1. พัฒนาเส้นทางท่องเที่ยวเชิงสุขภาพจังหวัดน่าน จำนวน 7 เส้นทาง  2. พัฒนาพื้นที่ต้นแบบด้านการท่องเที่ยวเชิงสุขภาพและเมืองสมุนไพร จำนวน 7 พื้นที่  3. พัฒนาผู้ประกอบการเวลเนส ไม่น้อยกว่า 30 ราย   4. พัฒนาพื้นที่ต้นแบบด้านการท่องเที่ยวเชิงสุขภาพและเมืองสมุนไพร จำนวน 7 พื้นที่  5. พัฒนาผู้ประกอบการด้านอาหารสมุนไพร ผลิตภัณฑ์สมุนไพร และบริการสุขภาพในพื้นที่ต้นแบบ ไม่น้อยกว่า 7 ราย  6. ผู้ประกอบการผ่านการรับรองมาตรฐาน เช่น Wellness, Thai Food Good Health, SAN และ SAN Plus (Clean Food Good Taste สู่ SAN)  เครื่องหมาย Q และมาตรฐานที่เกี่ยวข้อง",อัตราการขยายตัวของรายได้จากการท่องเที่ยว เพิ่มขึ้นไม่น้อยกว่าร้อยละ 6 (ปี 2568) ร้อยละ 7 (ปี 2569) และร้อยละ 8 (ปี 2570),สูงมาก,มีความสอดคล้องกับแผนพัฒนาจังหวัดด้าน Wellness Tourism และเศรษฐกิจสร้างสรรค์ มีการกำหนด Output และ Outcome ค่อนข้างครบถ้วน,"20,250,000","6,250,000","SDG 3, 8, 9, 11, 12, 15",SDG 3 การมีสุขภาพและความเป็นอยู่ที่ดี (ส่งเสริมสุขภาพ) SDG 8 การจ้างงานที่มีคุณค่าและการเติบโตทางเศรษฐกิจ (สร้างเศรษฐกิจ Wellness)SDG 9 อุตสาหกรรม นวัตกรรม และโครงสร้างพื้นฐาน (ส่งเสริมนวัตกรรมและห่วงโซ่มูลค่า) SDG 11 เมืองและชุมชนที่ยั่งยืน (พัฒนาเมืองสุขภาพ) SDG 12 การผลิตและบริโภคอย่างยั่งยืน (ใช้ทรัพยากรอย่างยั่งยืน) SDG 15 ระบบนิเวศบนบก (อนุรักษ์ความหลากหลายทางชีวภาพ),เพิ่ม KPI ด้านจำนวนนักท่องเที่ยวเชิงสุขภาพ ระยะเวลาพำนัก รายได้จากการท่องเที่ยว Carbon Neutral Tourism และระบบติดตามผลแบบดิจิทัล,ผ่านได้สูงมาก มีความพร้อมสูง สามารถใช้เป็นโครงการต้นแบบ (Best Practice) เนื่องจากมีความครบถ้วนทั้งด้านยุทธศาสตร์ ผลผลิต ผลลัพธ์ และความร่วมมือของหลายหน่วยงาน  ควรเพิ่ม KPI ด้านรายได้ นักท่องเที่ยว ระยะเวลาพำนัก และ Carbon Neutral Tourism หรือ ด้านผลกระทบทางเศรษฐกิจและการติดตามประเมินผล,20250000.0,6250000.0,"['3', '8', '9', '11', '12', '15']"
11,โครงการพัฒนาน้ำตกสะปัน บ้านสะปัน,องค์การบริหารส่วนตำบลดงพญา,จังหวัดน่าน องค์การบริหารส่วนจังหวัดน่าน องค์การบริหารส่วนตำบลดงพญา,ประเด็นการพัฒนาที่ 2 สุขเศรษฐกิจสร้างสรรค์และมูลค่าสูง (การท่องเที่ยว),ยกระดับมาตรฐานความปลอดภัยด้านการท่องเที่ยวในจังหวัดน่านตัวชี้วัดและค่าเป้าหมายของประเด็นการพัฒนา (3.9) อัตราการขยายตัวของรายได้จากการท่องเที่ยว ,ยกระดับการผลิต อุตสาหกรรม การท่องเที่ยว และการบริการ ให้เป็นเมืองเป้าหมายการลงทุนการค้าชายแดนและการค้าผ่านแดน ด้วยเครือข่ายความร่วมมือทุกภาคส่วน และนวัตกรรมที่สอดคล้องกับบริบทการเปลี่ยนแปลง,พัฒนาเส้นทางท่องเที่ยว แหล่งท่องเที่ยว สินค้าและบริการ และผู้ประกอบการในอุตสาหกรรมด้านการท่องเที่ยว เพื่อรองรับเมืองสร้างสรรค์และการเป็นเมืองมรดกโลก,เส้นทางศึกษาธรรมชาติ ราวกันตก ป้ายเตือนความปลอดภัย และห้องน้ำบริเวณน้ำตกสะปันได้รับการปรับปรุง/ก่อสร้างแล้วเสร็จ จำนวน 1 แห่ง,แหล่งท่องเที่ยวมีสภาพแวดล้อมที่ปลอดภัยและเอื้อต่อการรองรับนักท่องเที่ยวทุกกลุ่ม (Universal Design) ช่วยลดอัตราการเกิดอุบัติเหตุในพื้นที่ให้เป็นศูนย์,อัตราการขยายตัวของรายได้จากการท่องเที่ยว เพิ่มขึ้นไม่น้อยกว่าร้อยละ 6 (ปี 2568) ร้อยละ 7 (ปี 2569) และร้อยละ 8 (ปี 2570),สูง,สอดคล้องกับการพัฒนาแหล่งท่องเที่ยวธรรมชาติและสิ่งอำนวยความสะดวกเพื่อรองรับนักท่องเที่ยว,"8,315,000","1,663,000","SDG 8, 11, 15",SDG 8 การจ้างงานที่มีคุณค่าและการเติบโตทางเศรษฐกิจ (เพิ่มรายได้จากการท่องเที่ยว) SDG 11 พัฒนาแหล่งท่องเที่ยวอย่างยั่งยืน SDG 15 ระบบนิเวศบนบก (อนุรักษ์ทรัพยากรธรรมชาติและระบบนิเวศ),เพิ่ม KPI เช่น จำนวนผู้มาเยือน รายได้ชุมชน ระยะเวลาพำนัก และมาตรการอนุรักษ์สิ่งแวดล้อม,ผ่านได้สูง ควรเพิ่มตัวชี้วัดด้านจำนวนผู้มาเยือน รายได้ชุมชน และมาตรการอนุรักษ์สิ่งแวดล้อม หรือ เชิงผลลัพธ์และผลกระทบทางเศรษฐกิจ รวมทั้งระบบติดตามผลหลังดำเนินโครงการ,8315000.0,1663000.0,"['8', '11', '15']"
